"question","optionA","optionB","optionC","optionD","correct","points"
"Q1. The manager asked everyone to arrive ______ 8:30 for the morning meeting.","in","at","on","by","B","10"
"Q2. Our company plans to ______ its new product line next month.","launch","inform","discuss","prevent","A","10"
"Q3. The meeting has been postponed ______ further notice.","unless","until","since","despite","B","10"
"Q4. Please make sure that all documents are ______ before you submit them.","reviewing","review","reviewed","reviews","C","10"
"Q5. Due to the heavy rain, the outdoor concert was ______ canceled.","recently","originally","eventually","temporarily","C","10"
"Q6. The new intern was praised for her ability to handle tasks ______.","efficiently","efficiency","efficient","efficiencyâ€™s","A","10"
"Q7. Customers who purchase more than $50 will receive a free ______.","sample","service","advice","permission","A","10"
"Q8. The hotel offers complimentary breakfast for all ______ guests.","register","registers","registration","registered","D","10"
"Q9. Because of the new policy, employees must submit their reports ______ the deadline.","above","beyond","before","over","C","10"
"Q10. Mr. Chen was promoted to sales manager ______ his outstanding performance.","because","due to","although","even though","B","10"
